DATE,Monthly Mean Total Sunspot Number
1749-01-31,96.7
1749-02-28,104.3
1749-03-31,116.7
1749-04-30,92.8
1749-05-31,141.7
1749-06-30,139.2
1749-07-31,158
1749-08-31,110.5
1749-09-30,126.5
1749-10-31,125.8
1749-11-30,264.3
1749-12-31,142
1750-01-31,122.2
1750-02-28,126.5
1750-03-31,148.7
1750-04-30,147.2
1750-05-31,150
1750-06-30,166.7
1750-07-31,142.3
1750-08-31,171.7
1750-09-30,152
1750-10-31,109.5
1750-11-30,105.5
1750-12-31,125.7
1751-01-31,116.7
1751-02-28,72.5
1751-03-31,75.5
1751-04-30,94
1751-05-31,101.2
1751-06-30,84.5
1751-07-31,110.5
1751-08-31,99.7
1751-09-30,39.2
1751-10-31,38.7
1751-11-30,47.5
1751-12-31,73.3
1752-01-31,58.3
1752-02-29,83.3
1752-03-31,118.3
1752-04-30,98.8
1752-05-31,99.5
1752-06-30,66
1752-07-31,130.7
1752-08-31,48.8
1752-09-30,45.2
1752-10-31,77.7
1752-11-30,62.7
1752-12-31,66.7
1753-01-31,73.3
1753-02-28,53.3
1753-03-31,76.2
1753-04-30,63.3
1753-05-31,60
1753-06-30,52.8
1753-07-31,36.7
1753-08-31,65
1753-09-30,46.7
1753-10-31,41.7
1753-11-30,33.3
1753-12-31,11.2
1754-01-31,0
1754-02-28,5
1754-03-31,2.8
1754-04-30,22.8
1754-05-31,34.5
1754-06-30,44.5
1754-07-31,31.3
1754-08-31,20.5
1754-09-30,13.7
1754-10-31,40.2
1754-11-30,22
1754-12-31,7
1755-01-31,17
1755-02-28,18.7
1755-03-31,11.3
1755-04-30,10.8
1755-05-31,0
1755-06-30,0
1755-07-31,14.3
1755-08-31,5.3
1755-09-30,29.7
1755-10-31,39.5
1755-11-30,11.3
1755-12-31,33.3
1756-01-31,20.8
1756-02-29,11.8
1756-03-31,9
1756-04-30,15.7
1756-05-31,20.8
1756-06-30,21.5
1756-07-31,6
1756-08-31,10.7
1756-09-30,19.7
1756-10-31,23.8
1756-11-30,28.3
1756-12-31,15.7
1757-01-31,23.5
1757-02-28,35.3
1757-03-31,43.7
1757-04-30,50
1757-05-31,63.5
1757-06-30,21.3
1757-07-31,41.7
1757-08-31,85.5
1757-09-30,66.2
1757-10-31,54.2
1757-11-30,107.8
1757-12-31,55.8
1758-01-31,62.7
1758-02-28,86.7
1758-03-31,81.7
1758-04-30,120.5
1758-05-31,77.3
1758-06-30,75
1758-07-31,73.3
1758-08-31,64.5
1758-09-30,104.2
1758-10-31,62.8
1758-11-30,71.7
1758-12-31,71.7
1759-01-31,80.5
1759-02-28,73.3
1759-03-31,78
1759-04-30,78.3
1759-05-31,81.7
1759-06-30,83.3
1759-07-31,85
1759-08-31,118.8
1759-09-30,128.7
1759-10-31,99.5
1759-11-30,77.2
1759-12-31,95
1760-01-31,112.2
1760-02-29,99.2
1760-03-31,124.5
1760-04-30,97.2
1760-05-31,120
1760-06-30,80.5
1760-07-31,110
1760-08-31,126
1760-09-30,102.2
1760-10-31,84.3
1760-11-30,99.5
1760-12-31,101.7
1761-01-31,116.7
1761-02-28,151.7
1761-03-31,134.5
1761-04-30,119.5
1761-05-31,178.7
1761-06-30,165.5
1761-07-31,156.8
1761-08-31,151.8
1761-09-30,167.8
1761-10-31,147.8
1761-11-30,149.5
1761-12-31,76.7
1762-01-31,73
1762-02-28,121.3
1762-03-31,76.2
1762-04-30,100.3
1762-05-31,66.5
1762-06-30,128.5
1762-07-31,56.3
1762-08-31,112.8
1762-09-30,114.2
1762-10-31,115.5
1762-11-30,129.7
1762-12-31,128.7
1763-01-31,94.2
1763-02-28,53.2
1763-03-31,57
1763-04-30,54.8
1763-05-31,54.5
1763-06-30,59.7
1763-07-31,90.3
1763-08-31,44.2
1763-09-30,113.5
1763-10-31,77.2
1763-11-30,101.5
1763-12-31,102.3
1764-01-31,99.5
1764-02-29,99.5
1764-03-31,67
1764-04-30,57.3
1764-05-31,73.8
1764-06-30,50
1764-07-31,50
1764-08-31,50
1764-09-30,47
1764-10-31,46.7
1764-11-30,43.3
1764-12-31,42.8
1765-01-31,40
1765-02-28,43.3
1765-03-31,41.7
1765-04-30,36.7
1765-05-31,33.7
1765-06-30,33.3
1765-07-31,45
1765-08-31,49.5
1765-09-30,26.7
1765-10-31,23.3
1765-11-30,23.3
1765-12-31,21.7
1766-01-31,20
1766-02-28,18.3
1766-03-31,61
1766-04-30,10
1766-05-31,44.7
1766-06-30,5
1766-07-31,5.5
1766-08-31,6.7
1766-09-30,7.2
1766-10-31,8.3
1766-11-30,9.5
1766-12-31,32
1767-01-31,45.7
1767-02-28,50
1767-03-31,71.7
1767-04-30,54.8
1767-05-31,49.7
1767-06-30,55.5
1767-07-31,36.5
1767-08-31,68
1767-09-30,71.2
1767-10-31,73.5
1767-11-30,91.2
1767-12-31,88.8
1768-01-31,89.2
1768-02-29,110.2
1768-03-31,77.2
1768-04-30,71.2
1768-05-31,129.5
1768-06-30,129
1768-07-31,87.7
1768-08-31,111.3
1768-09-30,124.7
1768-10-31,129.7
1768-11-30,151
1768-12-31,186.3
1769-01-31,123.2
1769-02-28,107
1769-03-31,107.2
1769-04-30,161.2
1769-05-31,122.7
1769-06-30,157.3
1769-07-31,197.7
1769-08-31,200.5
1769-09-30,248
1769-10-31,263.7
1769-11-30,246.8
1769-12-31,186.7
1770-01-31,173.3
1770-02-28,237.5
1770-03-31,133.5
1770-04-30,85
1770-05-31,116.8
1770-06-30,138.8
1770-07-31,183
1770-08-31,210.5
1770-09-30,174
1770-10-31,172.7
1770-11-30,220.3
1770-12-31,170.5
1771-01-31,60
1771-02-28,77
1771-03-31,77.8
1771-04-30,108.2
1771-05-31,254.5
1771-06-30,199.2
1771-07-31,112.8
1771-08-31,97.5
1771-09-30,169
1771-10-31,150
1771-11-30,166.2
1771-12-31,159.5
1772-01-31,168.2
1772-02-29,151.3
1772-03-31,51.8
1772-04-30,153.7
1772-05-31,63.3
1772-06-30,95
1772-07-31,128.8
1772-08-31,93.7
1772-09-30,84.2
1772-10-31,131
1772-11-30,102.2
1772-12-31,106.7
1773-01-31,91
1773-02-28,48.3
1773-03-31,85.3
1773-04-30,54.8
1773-05-31,68.5
1773-06-30,47.3
1773-07-31,46.2
1773-08-31,21.2
1773-09-30,48.8
1773-10-31,43.8
1773-11-30,68.2
1773-12-31,72
1774-01-31,78
1774-02-28,109
1774-03-31,92.8
1774-04-30,73
1774-05-31,85.5
1774-06-30,47.5
1774-07-31,29.2
1774-08-31,11
1774-09-30,13.2
1774-10-31,23.3
1774-11-30,29.5
1774-12-31,20.3
1775-01-31,7.3
1775-02-28,0
1775-03-31,19.3
1775-04-30,18.7
1775-05-31,6.5
1775-06-30,20.5
1775-07-31,1.7
1775-08-31,13.2
1775-09-30,5.3
1775-10-31,9.3
1775-11-30,25.2
1775-12-31,13.2
1776-01-31,36.2
1776-02-29,19.3
1776-03-31,10.5
1776-04-30,36.3
1776-05-31,18.7
1776-06-30,31.7
1776-07-31,1.7
1776-08-31,40.3
1776-09-30,26.7
1776-10-31,50
1776-11-30,58.3
1776-12-31,66.7
1777-01-31,75
1777-02-28,60.8
1777-03-31,65
1777-04-30,159.2
1777-05-31,133.8
1777-06-30,134.5
1777-07-31,158.3
1777-08-31,186.7
1777-09-30,193.7
1777-10-31,177.5
1777-11-30,243.3
1777-12-31,262.2
1778-01-31,295.5
1778-02-28,182.2
1778-03-31,223.3
1778-04-30,241.7
1778-05-31,398.2
1778-06-30,286
1778-07-31,255
1778-08-31,233.3
1778-09-30,286.2
1778-10-31,260.5
1778-11-30,250.5
1778-12-31,175
1779-01-31,191.2
1779-02-28,276.2
1779-03-31,196.7
1779-04-30,241.7
1779-05-31,233.3
1779-06-30,189.5
1779-07-31,238.3
1779-08-31,186.7
1779-09-30,185
1779-10-31,206.7
1779-11-30,190
1779-12-31,183.3
1780-01-31,116.7
1780-02-29,163.3
1780-03-31,163.3
1780-04-30,158.3
1780-05-31,178.7
1780-06-30,146.7
1780-07-31,143.3
1780-08-31,143.3
1780-09-30,156.2
1780-10-31,128.3
1780-11-30,100
1780-12-31,97.8
1781-01-31,164.5
1781-02-28,124.5
1781-03-31,88.3
1781-04-30,113.8
1781-05-31,174.5
1781-06-30,162.8
1781-07-31,122.5
1781-08-31,110
1781-09-30,85
1781-10-31,45.5
1781-11-30,111.7
1781-12-31,58.7
1782-01-31,90
1782-02-28,62.5
1782-03-31,61.7
1782-04-30,68.3
1782-05-31,90.5
1782-06-30,63.3
1782-07-31,61.7
1782-08-31,73.3
1782-09-30,56.7
1782-10-31,38.7
1782-11-30,52.5
1782-12-31,50
1783-01-31,46.7
1783-02-28,64.5
1783-03-31,44.5
1783-04-30,47.2
1783-05-31,38.3
1783-06-30,42
1783-07-31,53.7
1783-08-31,33.3
1783-09-30,30
1783-10-31,13.3
1783-11-30,25
1783-12-31,17.5
1784-01-31,21.7
1784-02-29,13.3
1784-03-31,18.3
1784-04-30,16.7
1784-05-31,10
1784-06-30,15
1784-07-31,10
1784-08-31,16.7
1784-09-30,16.7
1784-10-31,13.3
1784-11-30,28.3
1784-12-31,23.3
1785-01-31,10.8
1785-02-28,13.3
1785-03-31,15
1785-04-30,26.2
1785-05-31,34.5
1785-06-30,43.8
1785-07-31,60.5
1785-08-31,33.3
1785-09-30,53.3
1785-10-31,78.7
1785-11-30,67
1785-12-31,45.5
1786-01-31,62
1786-02-28,79.3
1786-03-31,79.5
1786-04-30,142.3
1786-05-31,153.8
1786-06-30,98.3
1786-07-31,138.3
1786-08-31,149.5
1786-09-30,185.8
1786-10-31,187.2
1786-11-30,193.3
1786-12-31,187.8
1787-01-31,224.5
1787-02-28,176.7
1787-03-31,145.7
1787-04-30,212
1787-05-31,224.7
1787-06-30,165.3
1787-07-31,213.3
1787-08-31,228.7
1787-09-30,262.2
1787-10-31,261.7
1787-11-30,235.8
1787-12-31,290
1788-01-31,230
1788-02-29,215.3
1788-03-31,238.8
1788-04-30,180.8
1788-05-31,188.3
1788-06-30,257
1788-07-31,235.8
1788-08-31,226.7
1788-09-30,235
1788-10-31,236.7
1788-11-30,157.8
1788-12-31,215.8
1789-01-31,190
1789-02-28,208.8
1789-03-31,200
1789-04-30,205.5
1789-05-31,205.8
1789-06-30,200
1789-07-31,195
1789-08-31,171.7
1789-09-30,186.7
1789-10-31,149.5
1789-11-30,223.3
1789-12-31,225.8
1790-01-31,171.7
1790-02-28,212.5
1790-03-31,160.5
1790-04-30,156.7
1790-05-31,155
1790-06-30,151.7
1790-07-31,115.5
1790-08-31,145
1790-09-30,128.8
1790-10-31,140.5
1790-11-30,136.7
1790-12-31,123.3
1791-01-31,121.2
1791-02-28,103.3
1791-03-31,123.3
1791-04-30,128.7
1791-05-31,122.8
1791-06-30,107
1791-07-31,118.3
1791-08-31,71.7
1791-09-30,110.8
1791-10-31,102.8
1791-11-30,111.7
1791-12-31,110
1792-01-31,96.7
1792-02-29,106.7
1792-03-31,105
1792-04-30,126.2
1792-05-31,103.3
1792-06-30,101.7
1792-07-31,76.3
1792-08-31,100
1792-09-30,98.3
1792-10-31,98.3
1792-11-30,95
1792-12-31,93.3
1793-01-31,93.3
1793-02-28,91.7
1793-03-31,92.5
1793-04-30,88.3
1793-05-31,87.2
1793-06-30,85
1793-07-31,83.3
1793-08-31,48.8
1793-09-30,40
1793-10-31,78.3
1793-11-30,73.3
1793-12-31,76.2
1794-01-31,75
1794-02-28,73.3
1794-03-31,63.3
1794-04-30,47.3
1794-05-31,92.8
1794-06-30,69.2
1794-07-31,68.3
1794-08-31,66.7
1794-09-30,18.5
1794-10-31,47.5
1794-11-30,112.3
1794-12-31,85.7
1795-01-31,35.7
1795-02-28,66.5
1795-03-31,21
1795-04-30,31
1795-05-31,51.7
1795-06-30,28.5
1795-07-31,21.5
1795-08-31,42.8
1795-09-30,22.5
1795-10-31,32.5
1795-11-30,41.7
1795-12-31,30
1796-01-31,36.7
1796-02-29,39.7
1796-03-31,26.2
1796-04-30,52.8
1796-05-31,35
1796-06-30,11.2
1796-07-31,44.8
1796-08-31,2.5
1796-09-30,30.7
1796-10-31,18.3
1796-11-30,14
1796-12-31,8.5
1797-01-31,24
1797-02-28,7
1797-03-31,6.7
1797-04-30,6.7
1797-05-31,12.2
1797-06-30,18.5
1797-07-31,7.2
1797-08-31,10
1797-09-30,9.5
1797-10-31,11.5
1797-11-30,9.7
1797-12-31,5
1798-01-31,3.3
1798-02-28,6.7
1798-03-31,20.7
1798-04-30,1.8
1798-05-31,0
1798-06-30,0
1798-07-31,0
1798-08-31,5
1798-09-30,4
1798-10-31,2.5
1798-11-30,20.8
1798-12-31,16.5
1799-01-31,2.7
1799-02-28,21
1799-03-31,36.2
1799-04-30,14
1799-05-31,13.7
1799-06-30,17.7
1799-07-31,3.5
1799-08-31,0
1799-09-30,0
1799-10-31,7.7
1799-11-30,4.5
1799-12-31,14.3
1800-01-31,11.5
1800-02-28,15.5
1800-03-31,23.2
1800-04-30,0
1800-05-31,8.3
1800-06-30,39.5
1800-07-31,35
1800-08-31,32.5
1800-09-30,19.2
1800-10-31,20.5
1800-11-30,17.5
1800-12-31,66.8
1801-01-31,45
1801-02-28,48.3
1801-03-31,50
1801-04-30,51.7
1801-05-31,53.3
1801-06-30,52
1801-07-31,58.3
1801-08-31,64.5
1801-09-30,55.8
1801-10-31,54.3
1801-11-30,66.3
1801-12-31,80.3
1802-01-31,79.7
1802-02-28,78.3
1802-03-31,68
1802-04-30,70
1802-05-31,73.3
1802-06-30,76.7
1802-07-31,80
1802-08-31,83.3
1802-09-30,86.3
1802-10-31,64.2
1802-11-30,57.5
1802-12-31,83.3
1803-01-31,83.3
1803-02-28,84.7
1803-03-31,49.2
1803-04-30,41.7
1803-05-31,73.8
1803-06-30,60
1803-07-31,80.5
1803-08-31,56.8
1803-09-30,75.5
1803-10-31,90.5
1803-11-30,85
1803-12-31,80
1804-01-31,75.5
1804-02-29,80.5
1804-03-31,80
1804-04-30,84.3
1804-05-31,55.7
1804-06-30,58
1804-07-31,49.7
1804-08-31,71.8
1804-09-30,88.3
1804-10-31,103.8
1804-11-30,101.7
1804-12-31,100
1805-01-31,101.7
1805-02-28,73.5
1805-03-31,85.7
1805-04-30,62.5
1805-05-31,65
1805-06-30,67.5
1805-07-31,62.7
1805-08-31,71.2
1805-09-30,74
1805-10-31,49
1805-11-30,68.3
1805-12-31,63.8
1806-01-31,65
1806-02-28,49.3
1806-03-31,54.5
1806-04-30,46.2
1806-05-31,44
1806-06-30,42.7
1806-07-31,50
1806-08-31,43.8
1806-09-30,40
1806-10-31,45
1806-11-30,41.7
1806-12-31,40
1807-01-31,20
1807-02-28,20.3
1807-03-31,16
1807-04-30,39.7
1807-05-31,16.7
1807-06-30,20
1807-07-31,21.2
1807-08-31,20
1807-09-30,9.5
1807-10-31,13.3
1807-11-30,4.3
1807-12-31,0
1808-01-31,0
1808-02-29,7.5
1808-03-31,0
1808-04-30,20.5
1808-05-31,22.5
1808-06-30,22.5
1808-07-31,11.2
1808-08-31,13.3
1808-09-30,19.5
1808-10-31,7.8
1808-11-30,17.5
1808-12-31,20.5
1809-01-31,12
1809-02-28,15.3
1809-03-31,1.5
1809-04-30,4.2
1809-05-31,3.3
1809-06-30,12.8
1809-07-31,0.5
1809-08-31,0.3
1809-09-30,0.7
1809-10-31,0
1809-11-30,0
1809-12-31,0
1810-01-31,0
1810-02-28,0
1810-03-31,0
1810-04-30,0
1810-05-31,0
1810-06-30,0
1810-07-31,0
1810-08-31,0
1810-09-30,0
1810-10-31,0
1810-11-30,0
1810-12-31,0
1811-01-31,0
1811-02-28,0
1811-03-31,0
1811-04-30,0
1811-05-31,0
1811-06-30,0
1811-07-31,11
1811-08-31,0
1811-09-30,4
1811-10-31,10.2
1811-11-30,1.3
1811-12-31,1.8
1812-01-31,18.8
1812-02-29,3.2
1812-03-31,1.2
1812-04-30,0
1812-05-31,1.7
1812-06-30,2.2
1812-07-31,0.8
1812-08-31,26
1812-09-30,8.7
1812-10-31,6.5
1812-11-30,13.2
1812-12-31,16.8
1813-01-31,0
1813-02-28,17.2
1813-03-31,3.2
1813-04-30,27.7
1813-05-31,9.2
1813-06-30,18.7
1813-07-31,30.5
1813-08-31,14
1813-09-30,25.5
1813-10-31,46.3
1813-11-30,27.8
1813-12-31,23.8
1814-01-31,37
1814-02-28,20
1814-03-31,9.5
1814-04-30,39.7
1814-05-31,9.7
1814-06-30,24.8
1814-07-31,30.8
1814-08-31,3.8
1814-09-30,13.5
1814-10-31,32.2
1814-11-30,24.2
1814-12-31,33.5
1815-01-31,32
1815-02-28,53.7
1815-03-31,43.7
1815-04-30,52.7
1815-05-31,16.3
1815-06-30,93.2
1815-07-31,59.2
1815-08-31,78.7
1815-09-30,52.5
1815-10-31,55.8
1815-11-30,62
1815-12-31,108.3
1816-01-31,43.8
1816-02-29,114.7
1816-03-31,122.8
1816-04-30,98
1816-05-31,73.8
1816-06-30,72.7
1816-07-31,64.7
1816-08-31,38.7
1816-09-30,79.7
1816-10-31,94
1816-11-30,63.5
1816-12-31,49.8
1817-01-31,60.7
1817-02-28,96.5
1817-03-31,160.3
1817-04-30,44
1817-05-31,35.3
1817-06-30,66.7
1817-07-31,83.3
1817-08-31,75
1817-09-30,61.2
1817-10-31,42.7
1817-11-30,48.2
1817-12-31,47.3
1818-01-31,58.1
1818-02-28,37.4
1818-03-31,42.4
1818-04-30,57.5
1818-05-31,88.5
1818-06-30,60.8
1818-07-31,46.8
1818-08-31,52.6
1818-09-30,43.4
1818-10-31,52.8
1818-11-30,18.3
1818-12-31,43
1819-01-31,54.7
1819-02-28,34.6
1819-03-31,6.3
1819-04-30,33.7
1819-05-31,32.6
1819-06-30,58.3
1819-07-31,52.5
1819-08-31,43.5
1819-09-30,24.8
1819-10-31,45.9
1819-11-30,41.8
1819-12-31,50.9
1820-01-31,32
1820-02-29,44.4
1820-03-31,7.5
1820-04-30,32.3
1820-05-31,48.9
1820-06-30,17.9
1820-07-31,34.1
1820-08-31,43.1
1820-09-30,8.6
1820-10-31,14.9
1820-11-30,13.2
1820-12-31,15.1
1821-01-31,36
1821-02-28,7
1821-03-31,9.5
1821-04-30,15.2
1821-05-31,2.8
1821-06-30,3
1821-07-31,4.3
1821-08-31,8
1821-09-30,7.3
1821-10-31,31.4
1821-11-30,7.3
1821-12-31,0.4
1822-01-31,0
1822-02-28,1.5
1822-03-31,26.9
1822-04-30,21.7
1822-05-31,2.4
1822-06-30,9.3
1822-07-31,13.2
1822-08-31,3.4
1822-09-30,0
1822-10-31,0.6
1822-11-30,0
1822-12-31,0
1823-01-31,0
1823-02-28,0
1823-03-31,1
1823-04-30,0
1823-05-31,0
1823-06-30,0
1823-07-31,0.8
1823-08-31,0
1823-09-30,0
1823-10-31,0
1823-11-30,0
1823-12-31,34
1824-01-31,36
1824-02-29,18
1824-03-31,0
1824-04-30,32.3
1824-05-31,4.6
1824-06-30,0
1824-07-31,0
1824-08-31,2.3
1824-09-30,34.3
1824-10-31,42
1824-11-30,0
1824-12-31,1.4
1825-01-31,8.4
1825-02-28,25.9
1825-03-31,37.4
1825-04-30,6.2
1825-05-31,25.8
1825-06-30,25.6
1825-07-31,51.5
1825-08-31,42.8
1825-09-30,26.2
1825-10-31,26
1825-11-30,19.6
1825-12-31,36.7
1826-01-31,29.4
1826-02-28,30.2
1826-03-31,61.3
1826-04-30,40
1826-05-31,53.9
1826-06-30,61.7
1826-07-31,87.5
1826-08-31,66
1826-09-30,31.6
1826-10-31,84.4
1826-11-30,65.8
1826-12-31,113.6
1827-01-31,57.7
1827-02-28,79
1827-03-31,96.3
1827-04-30,76.7
1827-05-31,93.8
1827-06-30,94.4
1827-07-31,70.4
1827-08-31,89.4
1827-09-30,82.6
1827-10-31,93.5
1827-11-30,80.4
1827-12-31,76.8
1828-01-31,88
1828-02-29,107.3
1828-03-31,108.5
1828-04-30,101.9
1828-05-31,148.6
1828-06-30,163.4
1828-07-31,90.4
1828-08-31,127.3
1828-09-30,83.9
1828-10-31,91.1
1828-11-30,95
1828-12-31,78.1
1829-01-31,71.6
1829-02-28,82.3
1829-03-31,120.6
1829-04-30,158.4
1829-05-31,112.3
1829-06-30,123.2
1829-07-31,151.5
1829-08-31,129.3
1829-09-30,88
1829-10-31,95.3
1829-11-30,112.7
1829-12-31,94.1
1830-01-31,87
1830-02-28,120.1
1830-03-31,141
1830-04-30,177.3
1830-05-31,110.5
1830-06-30,108.4
1830-07-31,73.2
1830-08-31,84.6
1830-09-30,103.4
1830-10-31,140.6
1830-11-30,135.4
1830-12-31,136.8
1831-01-31,79
1831-02-28,83.6
1831-03-31,155.8
1831-04-30,90.9
1831-05-31,63.4
1831-06-30,55.6
1831-07-31,75.4
1831-08-31,91.6
1831-09-30,63.2
1831-10-31,77.1
1831-11-30,72.5
1831-12-31,48.3
1832-01-31,51.5
1832-02-29,92.6
1832-03-31,91.9
1832-04-30,44.8
1832-05-31,68.9
1832-06-30,44.5
1832-07-31,23.3
1832-08-31,14.8
1832-09-30,13.7
1832-10-31,35.2
1832-11-30,23.8
1832-12-31,45.8
1833-01-31,18.7
1833-02-28,24.9
1833-03-31,19.6
1833-04-30,4.6
1833-05-31,21.5
1833-06-30,1.7
1833-07-31,11.6
1833-08-31,9.5
1833-09-30,19.3
1833-10-31,12.5
1833-11-30,9.8
1833-12-31,16.6
1834-01-31,8.2
1834-02-28,30.1
1834-03-31,6.5
1834-04-30,2.4
1834-05-31,14.8
1834-06-30,13.1
1834-07-31,14.4
1834-08-31,6.6
1834-09-30,19.2
1834-10-31,41.3
1834-11-30,50.9
1834-12-31,57.5
1835-01-31,12.4
1835-02-28,40.7
1835-03-31,32.7
1835-04-30,102.4
1835-05-31,72.6
1835-06-30,55.2
1835-07-31,99.6
1835-08-31,98.5
1835-09-30,168
1835-10-31,158.6
1835-11-30,166.7
1835-12-31,129.3
1836-01-31,147.6
1836-02-29,179.4
1836-03-31,163.7
1836-04-30,238
1836-05-31,185.7
1836-06-30,207.9
1836-07-31,194.6
1836-08-31,179.6
1836-09-30,158.5
1836-10-31,228.9
1836-11-30,201.5
1836-12-31,343.8
1837-01-31,313.4
1837-02-28,292.6
1837-03-31,224.3
1837-04-30,230.3
1837-05-31,186.1
1837-06-30,263.4
1837-07-31,271.2
1837-08-31,223.5
1837-09-30,160.4
1837-10-31,206.2
1837-11-30,178.4
1837-12-31,216.1
1838-01-31,241.5
1838-02-28,141.3
1838-03-31,234.5
1838-04-30,211.1
1838-05-31,229.4
1838-06-30,157.6
1838-07-31,180.4
1838-08-31,131.3
1838-09-30,122.7
1838-10-31,151.5
1838-11-30,129.2
1838-12-31,132.9
1839-01-31,175.9
1839-02-28,170.8
1839-03-31,129.5
1839-04-30,102.9
1839-05-31,89.6
1839-06-30,91.2
1839-07-31,141.3
1839-08-31,218.8
1839-09-30,221.1
1839-10-31,151.5
1839-11-30,114.7
1839-12-31,106.2
1840-01-31,135.4
1840-02-29,146.1
1840-03-31,112.9
1840-04-30,109.8
1840-05-31,115.4
1840-06-30,80.9
1840-07-31,101
1840-08-31,96.4
1840-09-30,123.3
1840-10-31,91.7
1840-11-30,90.4
1840-12-31,89.5
1841-01-31,40.1
1841-02-28,49.9
1841-03-31,49.6
1841-04-30,66.9
1841-05-31,112.4
1841-06-30,92.8
1841-07-31,51.4
1841-08-31,65.4
1841-09-30,60.9
1841-10-31,47.4
1841-11-30,32.9
1841-12-31,64.8
1842-01-31,34
1842-02-28,36.8
1842-03-31,36.2
1842-04-30,44.9
1842-05-31,41.4
1842-06-30,34.2
1842-07-31,21
1842-08-31,44.4
1842-09-30,30.6
1842-10-31,63.5
1842-11-30,67.5
1842-12-31,29.3
1843-01-31,22.2
1843-02-28,5.9
1843-03-31,13.9
1843-04-30,15.8
1843-05-31,35.1
1843-06-30,17.6
1843-07-31,15.9
1843-08-31,19.6
1843-09-30,6.9
1843-10-31,8.9
1843-11-30,31.7
1843-12-31,21.2
1844-01-31,15.7
1844-02-29,24.5
1844-03-31,22.5
1844-04-30,34.6
1844-05-31,19.2
1844-06-30,6.2
1844-07-31,35.2
1844-08-31,39.7
1844-09-30,11.6
1844-10-31,35.9
1844-11-30,17.9
1844-12-31,36
1845-01-31,42.8
1845-02-28,72.8
1845-03-31,72.1
1845-04-30,95
1845-05-31,79.7
1845-06-30,51.8
1845-07-31,51
1845-08-31,53.9
1845-09-30,49.3
1845-10-31,67.8
1845-11-30,65.7
1845-12-31,99.5
1846-01-31,64.6
1846-02-28,84.9
1846-03-31,106.5
1846-04-30,115.5
1846-05-31,99.9
1846-06-30,108.4
1846-07-31,77.5
1846-08-31,91.3
1846-09-30,178.6
1846-10-31,93.4
1846-11-30,100.6
1846-12-31,109.1
1847-01-31,104.4
1847-02-28,74.9
1847-03-31,143
1847-04-30,74.6
1847-05-31,125.7
1847-06-30,142.2
1847-07-31,87.1
1847-08-31,234.3
1847-09-30,268.2
1847-10-31,300.6
1847-11-30,231.5
1847-12-31,182.6
1848-01-31,265.2
1848-02-29,186.4
1848-03-31,181.2
1848-04-30,178.6
1848-05-31,170.5
1848-06-30,214.9
1848-07-31,232
1848-08-31,220.9
1848-09-30,167.3
1848-10-31,220.6
1848-11-30,191
1848-12-31,265.8
1849-01-31,298.3
1849-02-28,250.3
1849-03-31,182.7
1849-04-30,194.7
1849-05-31,153.2
1849-06-30,154.2
1849-07-31,148.2
1849-08-31,128.6
1849-09-30,178
1849-10-31,135.7
1849-11-30,188.2
1849-12-31,184.3
1850-01-31,148.2
1850-02-28,169.8
1850-03-31,156.8
1850-04-30,83.8
1850-05-31,117
1850-06-30,133
1850-07-31,74.3
1850-08-31,117
1850-09-30,163.7
1850-10-31,134.9
1850-11-30,104.1
1850-12-31,115.9
1851-01-31,143.5
1851-02-28,200.1
1851-03-31,122.8
1851-04-30,107.3
1851-05-31,118.9
1851-06-30,120
1851-07-31,68.6
1851-08-31,109
1851-09-30,128.9
1851-10-31,118.7
1851-11-30,96.8
1851-12-31,135.5
1852-01-31,129.9
1852-02-29,126.2
1852-03-31,116.2
1852-04-30,124.3
1852-05-31,104.3
1852-06-30,89
1852-07-31,80
1852-08-31,75.3
1852-09-30,71.2
1852-10-31,127.9
1852-11-30,103.1
1852-12-31,86.1
1853-01-31,77.9
1853-02-28,81.5
1853-03-31,71.6
1853-04-30,90.4
1853-05-31,65.9
1853-06-30,76
1853-07-31,87.2
1853-08-31,95.8
1853-09-30,63.7
1853-10-31,80.5
1853-11-30,54.7
1853-12-31,44.5
1854-01-31,29.3
1854-02-28,38
1854-03-31,39.4
1854-04-30,50.3
1854-05-31,45.6
1854-06-30,40.1
1854-07-31,35.5
1854-08-31,30.1
1854-09-30,42.6
1854-10-31,24.1
1854-11-30,53.5
1854-12-31,41.1
1855-01-31,23.4
1855-02-28,21.6
1855-03-31,33
1855-04-30,8.4
1855-05-31,17.3
1855-06-30,10
1855-07-31,0.7
1855-08-31,5.9
1855-09-30,0
1855-10-31,18.3
1855-11-30,7.9
1855-12-31,5.8
1856-01-31,1
1856-02-29,9.3
1856-03-31,0.7
1856-04-30,12.4
1856-05-31,0
1856-06-30,9.8
1856-07-31,8.8
1856-08-31,11.3
1856-09-30,8.4
1856-10-31,8.5
1856-11-30,14.7
1856-12-31,13.7
1857-01-31,26
1857-02-28,14.2
1857-03-31,10
1857-04-30,21.1
1857-05-31,54.2
1857-06-30,30.5
1857-07-31,42.2
1857-08-31,32
1857-09-30,80.6
1857-10-31,77.1
1857-11-30,59.6
1857-12-31,70.7
1858-01-31,74.2
1858-02-28,66.3
1858-03-31,109.2
1858-04-30,72.8
1858-05-31,78.6
1858-06-30,84.5
1858-07-31,107.7
1858-08-31,104.9
1858-09-30,152.2
1858-10-31,173.2
1858-11-30,98.6
1858-12-31,127
1859-01-31,159
1859-02-28,166.4
1859-03-31,171.5
1859-04-30,162.9
1859-05-31,172.8
1859-06-30,165.2
1859-07-31,180.7
1859-08-31,203
1859-09-30,200.9
1859-10-31,217.8
1859-11-30,184.6
1859-12-31,153.9
1860-01-31,156.6
1860-02-29,167.9
1860-03-31,188
1860-04-30,135.7
1860-05-31,203.5
1860-06-30,206.3
1860-07-31,221.9
1860-08-31,190.5
1860-09-30,175.2
1860-10-31,171.1
1860-11-30,186
1860-12-31,181.7
1861-01-31,118.5
1861-02-28,147.5
1861-03-31,192
1861-04-30,187.1
1861-05-31,107.8
1861-06-30,167.5
1861-07-31,148.2
1861-08-31,156.7
1861-09-30,151.9
1861-10-31,127.7
1861-11-30,102
1861-12-31,152.8
1862-01-31,119.9
1862-02-28,122.4
1862-03-31,82.7
1862-04-30,102.1
1862-05-31,122.4
1862-06-30,159.7
1862-07-31,139.5
1862-08-31,118.7
1862-09-30,126.4
1862-10-31,79.8
1862-11-30,96
1862-12-31,77.6
1863-01-31,91.8
1863-02-28,107.7
1863-03-31,126
1863-04-30,77.1
1863-05-31,102.1
1863-06-30,77.6
1863-07-31,62
1863-08-31,91.3
1863-09-30,41.7
1863-10-31,75.7
1863-11-30,71.6
1863-12-31,78.1
1864-01-31,109.7
1864-02-29,89.5
1864-03-31,125.9
1864-04-30,68.1
1864-05-31,77.1
1864-06-30,109.9
1864-07-31,103.8
1864-08-31,104.1
1864-09-30,54.2
1864-10-31,64.4
1864-11-30,109.3
1864-12-31,54.3
1865-01-31,92.5
1865-02-28,74.6
1865-03-31,75
1865-04-30,55.9
1865-05-31,65.6
1865-06-30,63.8
1865-07-31,50.8
1865-08-31,71.8
1865-09-30,41
1865-10-31,32.5
1865-11-30,46.7
1865-12-31,24.3
1866-01-31,60
1866-02-28,72.9
1866-03-31,46.6
1866-04-30,33.5
1866-05-31,24.6
1866-06-30,31.4
1866-07-31,17.6
1866-08-31,24.2
1866-09-30,13.9
1866-10-31,26.8
1866-11-30,17.2
1866-12-31,2.9
1867-01-31,0
1867-02-28,1.4
1867-03-31,17.4
1867-04-30,9.7
1867-05-31,5.5
1867-06-30,2.8
1867-07-31,9.5
1867-08-31,9.1
1867-09-30,18.7
1867-10-31,25.5
1867-11-30,18.1
1867-12-31,47.9
1868-01-31,25.9
1868-02-29,26.3
1868-03-31,44
1868-04-30,61.1
1868-05-31,44.5
1868-06-30,51.8
1868-07-31,48.3
1868-08-31,57.3
1868-09-30,78.7
1868-10-31,102.8
1868-11-30,98.7
1868-12-31,112.8
1869-01-31,101.6
1869-02-28,99.9
1869-03-31,88
1869-04-30,68.4
1869-05-31,173.4
1869-06-30,180.7
1869-07-31,98.8
1869-08-31,132.7
1869-09-30,134.5
1869-10-31,99
1869-11-30,130.2
1869-12-31,174.1
1870-01-31,129
1870-02-28,191.7
1870-03-31,262.7
1870-04-30,266.9
1870-05-31,293.6
1870-06-30,226.3
1870-07-31,220.9
1870-08-31,256.5
1870-09-30,226.8
1870-10-31,244.3
1870-11-30,246
1870-12-31,216.7
1871-01-31,147.2
1871-02-28,209
1871-03-31,238.7
1871-04-30,270.9
1871-05-31,242.6
1871-06-30,152.9
1871-07-31,171.8
1871-08-31,183.7
1871-09-30,133.9
1871-10-31,148.5
1871-11-30,175.7
1871-12-31,150.8
1872-01-31,132.7
1872-02-29,200.3
1872-03-31,147.5
1872-04-30,170.4
1872-05-31,179.5
1872-06-30,183.3
1872-07-31,176
1872-08-31,155
1872-09-30,191.1
1872-10-31,171.2
1872-11-30,186.8
1872-12-31,139.9
1873-01-31,144.6
1873-02-28,178.4
1873-03-31,164
1873-04-30,127.1
1873-05-31,80
1873-06-30,74.8
1873-07-31,111.7
1873-08-31,113.8
1873-09-30,78.7
1873-10-31,78.6
1873-11-30,92.5
1873-12-31,82
1874-01-31,101.4
1874-02-28,107.1
1874-03-31,77.5
1874-04-30,53.5
1874-05-31,74.6
1874-06-30,63.8
1874-07-31,113.2
1874-08-31,102.3
1874-09-30,46.8
1874-10-31,57.4
1874-11-30,48.2
1874-12-31,48.8
1875-01-31,24.4
1875-02-28,35.9
1875-03-31,56.4
1875-04-30,48.6
1875-05-31,19.2
1875-06-30,39.9
1875-07-31,20.9
1875-08-31,24.4
1875-09-30,4
1875-10-31,21.3
1875-11-30,29.6
1875-12-31,16.5
1876-01-31,23.9
1876-02-29,25.1
1876-03-31,51.1
1876-04-30,3.9
1876-05-31,8.5
1876-06-30,2.7
1876-07-31,25.5
1876-08-31,14.8
1876-09-30,16.6
1876-10-31,23.9
1876-11-30,16.6
1876-12-31,13.6
1877-01-31,40.6
1877-02-28,14.5
1877-03-31,19.9
1877-04-30,26.3
1877-05-31,36.1
1877-06-30,23.6
1877-07-31,10
1877-08-31,10.5
1877-09-30,28.1
1877-10-31,11.2
1877-11-30,23.6
1877-12-31,3.5
1878-01-31,5.5
1878-02-28,11
1878-03-31,13.1
1878-04-30,0.2
1878-05-31,9.9
1878-06-30,10.7
1878-07-31,0.2
1878-08-31,0
1878-09-30,8.8
1878-10-31,1.9
1878-11-30,6.8
1878-12-31,0.9
1879-01-31,1.6
1879-02-28,0.9
1879-03-31,0
1879-04-30,10.4
1879-05-31,4
1879-06-30,8
1879-07-31,12.6
1879-08-31,17.9
1879-09-30,10.1
1879-10-31,20.4
1879-11-30,21.9
1879-12-31,12.2
1880-01-31,40.1
1880-02-29,45.4
1880-03-31,32.1
1880-04-30,32.4
1880-05-31,39.1
1880-06-30,56.9
1880-07-31,36.5
1880-08-31,80.3
1880-09-30,110.1
1880-10-31,71.7
1880-11-30,51.1
1880-12-31,49.4
1881-01-31,60.6
1881-02-28,88.6
1881-03-31,85.8
1881-04-30,86.1
1881-05-31,72.5
1881-06-30,100.8
1881-07-31,128.2
1881-08-31,97.3
1881-09-30,88.6
1881-10-31,107.3
1881-11-30,91.5
1881-12-31,78.8
1882-01-31,75
1882-02-28,115.9
1882-03-31,111.5
1882-04-30,159.6
1882-05-31,106.9
1882-06-30,75.4
1882-07-31,75.7
1882-08-31,67.5
1882-09-30,96.1
1882-10-31,98.6
1882-11-30,140.6
1882-12-31,69.7
1883-01-31,101
1883-02-28,78.2
1883-03-31,71.3
1883-04-30,136.8
1883-05-31,52.5
1883-06-30,127.2
1883-07-31,134.4
1883-08-31,76.6
1883-09-30,87.8
1883-10-31,139.6
1883-11-30,140.8
1883-12-31,126.5
1884-01-31,152.6
1884-02-29,144.8
1884-03-31,145.8
1884-04-30,126.9
1884-05-31,110.9
1884-06-30,85.3
1884-07-31,88.5
1884-08-31,93.1
1884-09-30,103.1
1884-10-31,79.6
1884-11-30,60.9
1884-12-31,78.6
1885-01-31,71.4
1885-02-28,119.7
1885-03-31,82.9
1885-04-30,91.7
1885-05-31,121.6
1885-06-30,139.5
1885-07-31,110.9
1885-08-31,83.5
1885-09-30,66
1885-10-31,64.5
1885-11-30,51.6
1885-12-31,36.3
1886-01-31,49.8
1886-02-28,43.2
1886-03-31,95.5
1886-04-30,72.9
1886-05-31,51.2
1886-06-30,45.3
1886-07-31,50.4
1886-08-31,28.1
1886-09-30,35.7
1886-10-31,14.4
1886-11-30,0.6
1886-12-31,21.7
1887-01-31,17
1887-02-28,22
1887-03-31,7.1
1887-04-30,11.6
1887-05-31,33.4
1887-06-30,26.1
1887-07-31,38.9
1887-08-31,35.7
1887-09-30,12.4
1887-10-31,11
1887-11-30,11.5
1887-12-31,34.5
1888-01-31,21.2
1888-02-29,11.8
1888-03-31,13.1
1888-04-30,8.5
1888-05-31,11.7
1888-06-30,11.8
1888-07-31,5
1888-08-31,4.6
1888-09-30,14.6
1888-10-31,3.4
1888-11-30,17.9
1888-12-31,11.1
1889-01-31,1.3
1889-02-28,14.2
1889-03-31,11.1
1889-04-30,7.3
1889-05-31,4
1889-06-30,10.8
1889-07-31,15.8
1889-08-31,34.3
1889-09-30,10.9
1889-10-31,3.4
1889-11-30,0.3
1889-12-31,11.2
1890-01-31,8.8
1890-02-28,1.1
1890-03-31,8.5
1890-04-30,2.7
1890-05-31,7.9
1890-06-30,2.2
1890-07-31,19.3
1890-08-31,14.2
1890-09-30,28.6
1890-10-31,18.6
1890-11-30,15.9
1890-12-31,13.1
1891-01-31,22.5
1891-02-28,36.9
1891-03-31,17.2
1891-04-30,34.2
1891-05-31,68.5
1891-06-30,80.4
1891-07-31,98
1891-08-31,55.1
1891-09-30,89.7
1891-10-31,86
1891-11-30,69.8
1891-12-31,54.3
1892-01-31,115.2
1892-02-29,126.1
1892-03-31,83.3
1892-04-30,116
1892-05-31,132.7
1892-06-30,127.3
1892-07-31,127.6
1892-08-31,169
1892-09-30,104.7
1892-10-31,117.5
1892-11-30,108.9
1892-12-31,131
1893-01-31,125
1893-02-28,121.6
1893-03-31,109.5
1893-04-30,146.8
1893-05-31,141.3
1893-06-30,149.8
1893-07-31,147.6
1893-08-31,215.4
1893-09-30,129.9
1893-10-31,133.3
1893-11-30,125.2
1893-12-31,156.4
1894-01-31,138.6
1894-02-28,141
1894-03-31,87.1
1894-04-30,136
1894-05-31,168.7
1894-06-30,164.8
1894-07-31,176.7
1894-08-31,117.1
1894-09-30,110
1894-10-31,125.7
1894-11-30,94.3
1894-12-31,100.1
1895-01-31,105.4
1895-02-28,112
1895-03-31,101.6
1895-04-30,128.2
1895-05-31,112.5
1895-06-30,119.1
1895-07-31,79.7
1895-08-31,114.9
1895-09-30,96.1
1895-10-31,113.2
1895-11-30,78.6
1895-12-31,117.9
1896-01-31,48.4
1896-02-29,95.7
1896-03-31,86.5
1896-04-30,73
1896-05-31,46.1
1896-06-30,81.7
1896-07-31,75.2
1896-08-31,45.4
1896-09-30,102.2
1896-10-31,47.9
1896-11-30,63.3
1896-12-31,71
1897-01-31,67.6
1897-02-28,49
1897-03-31,48.7
1897-04-30,51.7
1897-05-31,33.3
1897-06-30,18.9
1897-07-31,46.1
1897-08-31,36.4
1897-09-30,80.4
1897-10-31,23.9
1897-11-30,14
1897-12-31,55.5
1898-01-31,50.4
1898-02-28,60.7
1898-03-31,63.9
1898-04-30,24.2
1898-05-31,43
1898-06-30,37.1
1898-07-31,15
1898-08-31,52.3
1898-09-30,58.1
1898-10-31,57.1
1898-11-30,51.6
1898-12-31,21.1
1899-01-31,32.4
1899-02-28,15.3
1899-03-31,30.3
1899-04-30,23.6
1899-05-31,12.9
1899-06-30,34.1
1899-07-31,22.5
1899-08-31,4.9
1899-09-30,14
1899-10-31,21.7
1899-11-30,13
1899-12-31,17.6
